class,pixels,pct
0,1295358713,79.275474
1,7704129,0.47149
2,10645618,0.651508
3,91580347,5.604683
4,7200060,0.440641
5,88809412,5.435103
6,3565103,0.218183
7,85552732,5.235796
8,1512706,0.092577
9,9267180,0.567148
10,890862,0.05452
11,23511,0.001439
12,4345705,0.265956
13,3761750,0.230218
14,200659,0.01228
15,224898,0.013764
16,16184,0.00099
17,170699,0.010447
18,1621136,0.099213
19,715264,0.043774
20,2889472,0.176835
21,117542,0.007194
22,595799,0.036463
23,134242,0.008216
24,830107,0.050802
25,813674,0.049797
26,10295456,0.630078
27,2878267,0.176149
28,1091688,0.066811
29,1015917,0.062174
30,113576,0.006951
31,54392,0.003329
