location,image_id,folder,jpg,binaryMask,multiclassMask,width,height,jpg_bytes,binary_bytes,multi_bytes,fg_pct_binary,num_classes,classes_present
BAU Botanical Garden,BAU Botanical Garden/Image1,BAU Botanical Garden\Image1,BAU Botanical Garden\Image1\Image1.jpg,BAU Botanical Garden\Image1\Image_1_binaryMask.png,BAU Botanical Garden\Image1\Image_1_multiclassMask.png,3840,2160,2939406,14610,14789,3.51,2,0;24
BAU Botanical Garden,BAU Botanical Garden/Image2,BAU Botanical Garden\Image2,BAU Botanical Garden\Image2\Image2.jpg,BAU Botanical Garden\Image2\Image_2_binaryMask.png,BAU Botanical Garden\Image2\Image_2_multiclassMask.png,3840,2160,2243653,20605,21133,9.0335,3,0;24;25
BAU Botanical Garden,BAU Botanical Garden/Image3,BAU Botanical Garden\Image3,BAU Botanical Garden\Image3\Image3.jpg,BAU Botanical Garden\Image3\Image_3_binaryMask.png,BAU Botanical Garden\Image3\Image_3_multiclassMask.png,3840,2160,3761916,31213,31994,8.0197,3,0;7;25
BAU Botanical Garden,BAU Botanical Garden/Image4,BAU Botanical Garden\Image4,BAU Botanical Garden\Image4\Image4.jpg,BAU Botanical Garden\Image4\Image_4_binaryMask.png,BAU Botanical Garden\Image4\Image_4_multiclassMask.png,3840,2160,2778861,38454,39332,8.3383,3,0;7;26
BAU Botanical Garden,BAU Botanical Garden/Image5,BAU Botanical Garden\Image5,BAU Botanical Garden\Image5\Image5.jpg,BAU Botanical Garden\Image5\Image_5_binaryMask.png,BAU Botanical Garden\Image5\Image_5_multiclassMask.png,3840,2160,2807629,39686,40835,6.7585,3,0;26;27
BAU Botanical Garden,BAU Botanical Garden/Image6,BAU Botanical Garden\Image6,BAU Botanical Garden\Image6\Image6.jpg,BAU Botanical Garden\Image6\Image_6_binaryMask.png,BAU Botanical Garden\Image6\Image_6_multiclassMask.png,3840,2160,2489327,27552,28181,2.5302,3,0;26;27
BAU Botanical Garden,BAU Botanical Garden/Image7,BAU Botanical Garden\Image7,BAU Botanical Garden\Image7\Image7.jpg,BAU Botanical Garden\Image7\Image_7_binaryMask.png,BAU Botanical Garden\Image7\Image_7_multiclassMask.png,3840,2160,3302205,45180,47109,7.0312,3,0;26;27
BAU Botanical Garden,BAU Botanical Garden/Image8,BAU Botanical Garden\Image8,BAU Botanical Garden\Image8\Image8.jpg,BAU Botanical Garden\Image8\Image_8_binaryMask.png,BAU Botanical Garden\Image8\Image_8_multiclassMask.png,3840,2160,2932587,62729,63902,16.0285,3,0;3;4
BAU Botanical Garden,BAU Botanical Garden/Image9,BAU Botanical Garden\Image9,BAU Botanical Garden\Image9\Image9.jpg,BAU Botanical Garden\Image9\Image_9_binaryMask.png,BAU Botanical Garden\Image9\Image_9_multiclassMask.png,3840,2160,2570501,67884,69017,12.8036,3,0;3;4
BAU Botanical Garden,BAU Botanical Garden/Image10,BAU Botanical Garden\Image10,BAU Botanical Garden\Image10\Image10.jpg,BAU Botanical Garden\Image10\Image_10_binaryMask.png,BAU Botanical Garden\Image10\Image_10_multiclassMask.png,3840,2160,2224157,61602,63534,15.2286,3,0;3;5
BAU Botanical Garden,BAU Botanical Garden/Image11,BAU Botanical Garden\Image11,BAU Botanical Garden\Image11\Image11.jpg,BAU Botanical Garden\Image11\Image_11_binaryMask.png,BAU Botanical Garden\Image11\Image_11_multiclassMask.png,3840,2160,2379683,75293,80031,21.5032,3,0;3;5
BAU Botanical Garden,BAU Botanical Garden/Image12,BAU Botanical Garden\Image12,BAU Botanical Garden\Image12\Image12.jpg,BAU Botanical Garden\Image12\Image_12_binaryMask.png,BAU Botanical Garden\Image12\Image_12_multiclassMask.png,3840,2160,2719338,77717,83879,23.8929,4,0;3;5;31
BAU Botanical Garden,BAU Botanical Garden/Image13,BAU Botanical Garden\Image13,BAU Botanical Garden\Image13\Image13.jpg,BAU Botanical Garden\Image13\Image_13_binaryMask.png,BAU Botanical Garden\Image13\Image_13_multiclassMask.png,3840,2160,2802217,64493,68943,19.5984,4,0;3;5;31
BAU Botanical Garden,BAU Botanical Garden/Image14,BAU Botanical Garden\Image14,BAU Botanical Garden\Image14\Image14.jpg,BAU Botanical Garden\Image14\Image_14_binaryMask.png,BAU Botanical Garden\Image14\Image_14_multiclassMask.png,3840,2160,3886629,90559,99361,19.7232,4,0;1;2;3
BAU Botanical Garden,BAU Botanical Garden/Image15,BAU Botanical Garden\Image15,BAU Botanical Garden\Image15\Image15.jpg,BAU Botanical Garden\Image15\Image_15_binaryMask.png,BAU Botanical Garden\Image15\Image_15_multiclassMask.png,3840,2160,2273930,69948,73335,22.4255,4,0;3;5;31
BAU Botanical Garden,BAU Botanical Garden/Image16,BAU Botanical Garden\Image16,BAU Botanical Garden\Image16\Image16.jpg,BAU Botanical Garden\Image16\Image_16_binaryMask.png,BAU Botanical Garden\Image16\Image_16_multiclassMask.png,3840,2160,2426237,65483,68205,20.5803,5,0;3;5;6;31
BAU Botanical Garden,BAU Botanical Garden/Image17,BAU Botanical Garden\Image17,BAU Botanical Garden\Image17\Image17.jpg,BAU Botanical Garden\Image17\Image_17_binaryMask.png,BAU Botanical Garden\Image17\Image_17_multiclassMask.png,3840,2160,2412390,52867,56156,20.7378,3,0;5;6
BAU Botanical Garden,BAU Botanical Garden/Image18,BAU Botanical Garden\Image18,BAU Botanical Garden\Image18\Image18.jpg,BAU Botanical Garden\Image18\Image_18_binaryMask.png,BAU Botanical Garden\Image18\Image_18_multiclassMask.png,3840,2160,2666437,26197,27144,5.8854,3,0;5;6
BAU Botanical Garden,BAU Botanical Garden/Image19,BAU Botanical Garden\Image19,BAU Botanical Garden\Image19\Image19.jpg,BAU Botanical Garden\Image19\Image_19_binaryMask.png,BAU Botanical Garden\Image19\Image_19_multiclassMask.png,3840,2160,2741892,51914,55774,12.1036,8,0;1;3;5;8;9;22;26
BAU Botanical Garden,BAU Botanical Garden/Image20,BAU Botanical Garden\Image20,BAU Botanical Garden\Image20\Image20.jpg,BAU Botanical Garden\Image20\Image_20_binaryMask.png,BAU Botanical Garden\Image20\Image_20_multiclassMask.png,3840,2160,3085385,82239,92060,41.7555,8,0;1;3;5;8;9;22;26
BAU Botanical Garden,BAU Botanical Garden/Image21,BAU Botanical Garden\Image21,BAU Botanical Garden\Image21\Image21.jpg,BAU Botanical Garden\Image21\Image_21_binaryMask.png,BAU Botanical Garden\Image21\Image_21_multiclassMask.png,3840,2160,2576430,57303,61678,17.8635,5,0;3;5;9;26
BAU Botanical Garden,BAU Botanical Garden/Image22,BAU Botanical Garden\Image22,BAU Botanical Garden\Image22\Image22.jpg,BAU Botanical Garden\Image22\Image_22_binaryMask.png,BAU Botanical Garden\Image22\Image_22_multiclassMask.png,3840,2160,2830342,86193,94243,23.4612,4,0;3;5;26
BAU Botanical Garden,BAU Botanical Garden/Image23,BAU Botanical Garden\Image23,BAU Botanical Garden\Image23\Image23.jpg,BAU Botanical Garden\Image23\Image_23_binaryMask.png,BAU Botanical Garden\Image23\Image_23_multiclassMask.png,3840,2160,2718936,65853,72592,22.6365,5,0;3;5;7;26
BAU Botanical Garden,BAU Botanical Garden/Image24,BAU Botanical Garden\Image24,BAU Botanical Garden\Image24\Image24.jpg,BAU Botanical Garden\Image24\Image_24_binaryMask.png,BAU Botanical Garden\Image24\Image_24_multiclassMask.png,3840,2160,2182786,48112,51843,12.8093,5,0;3;5;7;10
BAU Botanical Garden,BAU Botanical Garden/Image25,BAU Botanical Garden\Image25,BAU Botanical Garden\Image25\Image25.jpg,BAU Botanical Garden\Image25\Image_25_binaryMask.png,BAU Botanical Garden\Image25\Image_25_multiclassMask.png,3840,2160,2610768,105766,115780,39.016,4,0;1;2;3
BAU Botanical Garden,BAU Botanical Garden/Image26,BAU Botanical Garden\Image26,BAU Botanical Garden\Image26\Image26.jpg,BAU Botanical Garden\Image26\Image_26_binaryMask.png,BAU Botanical Garden\Image26\Image_26_multiclassMask.png,3840,2160,2447456,72740,78425,15.4781,4,0;3;10;11
BAU Botanical Garden,BAU Botanical Garden/Image27,BAU Botanical Garden\Image27,BAU Botanical Garden\Image27\Image27.jpg,BAU Botanical Garden\Image27\Image_27_binaryMask.png,BAU Botanical Garden\Image27\Image_27_multiclassMask.png,3840,2160,2521526,94531,101410,25.2931,5,0;3;9;10;11
BAU Botanical Garden,BAU Botanical Garden/Image28,BAU Botanical Garden\Image28,BAU Botanical Garden\Image28\Image28.jpg,BAU Botanical Garden\Image28\Image_28_binaryMask.png,BAU Botanical Garden\Image28\Image_28_multiclassMask.png,3840,2160,2669184,108202,116000,42.8936,4,0;3;6;9
BAU Botanical Garden,BAU Botanical Garden/Image29,BAU Botanical Garden\Image29,BAU Botanical Garden\Image29\Image29.jpg,BAU Botanical Garden\Image29\Image_29_binaryMask.png,BAU Botanical Garden\Image29\Image_29_multiclassMask.png,3840,2160,3543847,120319,131757,32.3251,7,0;3;6;9;12;13;30
BAU Botanical Garden,BAU Botanical Garden/Image30,BAU Botanical Garden\Image30,BAU Botanical Garden\Image30\Image30.jpg,BAU Botanical Garden\Image30\Image_30_binaryMask.png,BAU Botanical Garden\Image30\Image_30_multiclassMask.png,3840,2160,3447331,94968,102536,45.9843,5,0;1;2;3;4
BAU Botanical Garden,BAU Botanical Garden/Image31,BAU Botanical Garden\Image31,BAU Botanical Garden\Image31\Image31.jpg,BAU Botanical Garden\Image31\Image_31_binaryMask.png,BAU Botanical Garden\Image31\Image_31_multiclassMask.png,3840,2160,2265312,70473,74096,31.6,3,0;3;4
BAU Botanical Garden,BAU Botanical Garden/Image32,BAU Botanical Garden\Image32,BAU Botanical Garden\Image32\Image32.jpg,BAU Botanical Garden\Image32\Image_32_binaryMask.png,BAU Botanical Garden\Image32\Image_32_multiclassMask.png,3840,2160,3077543,87988,92959,25.7131,4,0;3;9;20
BAU Botanical Garden,BAU Botanical Garden/Image33,BAU Botanical Garden\Image33,BAU Botanical Garden\Image33\Image33.jpg,BAU Botanical Garden\Image33\Image_33_binaryMask.png,BAU Botanical Garden\Image33\Image_33_multiclassMask.png,3840,2160,2500473,55017,59590,14.7621,5,0;3;13;20;28
BAU Botanical Garden,BAU Botanical Garden/Image34,BAU Botanical Garden\Image34,BAU Botanical Garden\Image34\Image34.jpg,BAU Botanical Garden\Image34\Image_34_binaryMask.png,BAU Botanical Garden\Image34\Image_34_multiclassMask.png,3840,2160,2733166,69246,74596,21.6809,4,0;3;9;13
BAU Botanical Garden,BAU Botanical Garden/Image35,BAU Botanical Garden\Image35,BAU Botanical Garden\Image35\Image35.jpg,BAU Botanical Garden\Image35\Image_35_binaryMask.png,BAU Botanical Garden\Image35\Image_35_multiclassMask.png,3840,2160,2916659,79574,83743,22.0393,4,0;3;9;13
BAU Botanical Garden,BAU Botanical Garden/Image36,BAU Botanical Garden\Image36,BAU Botanical Garden\Image36\Image36.jpg,BAU Botanical Garden\Image36\Image_36_binaryMask.png,BAU Botanical Garden\Image36\Image_36_multiclassMask.png,3840,2160,3171721,98981,106011,22.5568,8,0;3;9;14;15;16;17;28
BAU Botanical Garden,BAU Botanical Garden/Image37,BAU Botanical Garden\Image37,BAU Botanical Garden\Image37\Image37.jpg,BAU Botanical Garden\Image37\Image_37_binaryMask.png,BAU Botanical Garden\Image37\Image_37_multiclassMask.png,3840,2160,3113162,85459,93184,17.7042,8,0;3;9;14;15;16;17;28
BAU Botanical Garden,BAU Botanical Garden/Image38,BAU Botanical Garden\Image38,BAU Botanical Garden\Image38\Image38.jpg,BAU Botanical Garden\Image38\Image_38_binaryMask.png,BAU Botanical Garden\Image38\Image_38_multiclassMask.png,3840,2160,2753375,67548,69160,17.1233,3,0;3;4
BAU Botanical Garden,BAU Botanical Garden/Image39,BAU Botanical Garden\Image39,BAU Botanical Garden\Image39\Image39.jpg,BAU Botanical Garden\Image39\Image_39_binaryMask.png,BAU Botanical Garden\Image39\Image_39_multiclassMask.png,3840,2160,2949827,36205,37616,9.1567,4,0;1;3;28
BAU Botanical Garden,BAU Botanical Garden/Image40,BAU Botanical Garden\Image40,BAU Botanical Garden\Image40\Image40.jpg,BAU Botanical Garden\Image40\Image_40_binaryMask.png,BAU Botanical Garden\Image40\Image_40_multiclassMask.png,3840,2160,3024876,53513,56369,17.4372,4,0;1;3;7
BAU Botanical Garden,BAU Botanical Garden/Image41,BAU Botanical Garden\Image41,BAU Botanical Garden\Image41\Image41.jpg,BAU Botanical Garden\Image41\Image_41_binaryMask.png,BAU Botanical Garden\Image41\Image_41_multiclassMask.png,3840,2160,2839299,71979,77723,19.195,6,0;1;2;3;7;31
BAU Botanical Garden,BAU Botanical Garden/Image42,BAU Botanical Garden\Image42,BAU Botanical Garden\Image42\Image42.jpg,BAU Botanical Garden\Image42\Image_42_binaryMask.png,BAU Botanical Garden\Image42\Image_42_multiclassMask.png,3840,2160,3228113,89419,96151,27.6146,5,0;1;3;4;7
BAU Botanical Garden,BAU Botanical Garden/Image43,BAU Botanical Garden\Image43,BAU Botanical Garden\Image43\Image43.jpg,BAU Botanical Garden\Image43\Image_43_binaryMask.png,BAU Botanical Garden\Image43\Image_43_multiclassMask.png,3840,2160,2774341,53879,54880,12.9616,3,0;3;4
BAU Botanical Garden,BAU Botanical Garden/Image44,BAU Botanical Garden\Image44,BAU Botanical Garden\Image44\Image44.jpg,BAU Botanical Garden\Image44\Image_44_binaryMask.png,BAU Botanical Garden\Image44\Image_44_multiclassMask.png,3840,2160,2674751,107651,115022,38.3079,5,0;1;3;4;7
BAU Botanical Garden,BAU Botanical Garden/Image45,BAU Botanical Garden\Image45,BAU Botanical Garden\Image45\Image45.jpg,BAU Botanical Garden\Image45\Image_45_binaryMask.png,BAU Botanical Garden\Image45\Image_45_multiclassMask.png,3840,2160,2246900,39228,42913,25.71,5,0;3;12;14;18
BAU Botanical Garden,BAU Botanical Garden/Image46,BAU Botanical Garden\Image46,BAU Botanical Garden\Image46\Image46.jpg,BAU Botanical Garden\Image46\Image_46_binaryMask.png,BAU Botanical Garden\Image46\Image_46_multiclassMask.png,3840,2160,2631261,40278,44073,17.1618,5,0;3;8;19;20
BAU Botanical Garden,BAU Botanical Garden/Image47,BAU Botanical Garden\Image47,BAU Botanical Garden\Image47\Image47.jpg,BAU Botanical Garden\Image47\Image_47_binaryMask.png,BAU Botanical Garden\Image47\Image_47_multiclassMask.png,3840,2160,2597328,27824,28536,7.807,3,0;3;20
BAU Botanical Garden,BAU Botanical Garden/Image48,BAU Botanical Garden\Image48,BAU Botanical Garden\Image48\Image48.jpg,BAU Botanical Garden\Image48\Image_48_binaryMask.png,BAU Botanical Garden\Image48\Image_48_multiclassMask.png,3840,2160,3723722,32174,33251,11.905,4,0;3;19;20
BAU Botanical Garden,BAU Botanical Garden/Image49,BAU Botanical Garden\Image49,BAU Botanical Garden\Image49\Image49.jpg,BAU Botanical Garden\Image49\Image_49_binaryMask.png,BAU Botanical Garden\Image49\Image_49_multiclassMask.png,3840,2160,2513672,32563,33872,15.1283,4,0;3;8;20
BAU Botanical Garden,BAU Botanical Garden/Image50,BAU Botanical Garden\Image50,BAU Botanical Garden\Image50\Image50.jpg,BAU Botanical Garden\Image50\Image_50_binaryMask.png,BAU Botanical Garden\Image50\Image_50_multiclassMask.png,3840,2160,3073544,30052,30858,1.7354,3,0;3;21
BAU Botanical Garden,BAU Botanical Garden/Image51,BAU Botanical Garden\Image51,BAU Botanical Garden\Image51\Image51.jpg,BAU Botanical Garden\Image51\Image_51_binaryMask.png,BAU Botanical Garden\Image51\Image_51_multiclassMask.png,3840,2160,2777921,30506,31883,1.6113,3,0;3;21
BAU Botanical Garden,BAU Botanical Garden/Image52,BAU Botanical Garden\Image52,BAU Botanical Garden\Image52\Image52.jpg,BAU Botanical Garden\Image52\Image_52_binaryMask.png,BAU Botanical Garden\Image52\Image_52_multiclassMask.png,3840,2160,1829068,27039,27989,2.2846,3,0;3;12
BAU Botanical Garden,BAU Botanical Garden/Image53,BAU Botanical Garden\Image53,BAU Botanical Garden\Image53\Image53.jpg,BAU Botanical Garden\Image53\Image_53_binaryMask.png,BAU Botanical Garden\Image53\Image_53_multiclassMask.png,3840,2160,2547168,50608,53841,13.2791,4,0;3;13;22
BAU Botanical Garden,BAU Botanical Garden/Image54,BAU Botanical Garden\Image54,BAU Botanical Garden\Image54\Image54.jpg,BAU Botanical Garden\Image54\Image_54_binaryMask.png,BAU Botanical Garden\Image54\Image_54_multiclassMask.png,3840,2160,2112601,42736,45391,10.0081,5,0;3;13;19;20
BAU Botanical Garden,BAU Botanical Garden/Image55,BAU Botanical Garden\Image55,BAU Botanical Garden\Image55\Image55.jpg,BAU Botanical Garden\Image55\Image_55_binaryMask.png,BAU Botanical Garden\Image55\Image_55_multiclassMask.png,3840,2160,2548647,41000,42157,7.1856,3,0;3;13
BAU Botanical Garden,BAU Botanical Garden/Image56,BAU Botanical Garden\Image56,BAU Botanical Garden\Image56\Image56.jpg,BAU Botanical Garden\Image56\Image_56_binaryMask.png,BAU Botanical Garden\Image56\Image_56_multiclassMask.png,3840,2160,3239934,55401,59186,10.566,6,0;1;3;15;23;24
BAU Museum,BAU Museum/Image1,BAU Museum\Image1,BAU Museum\Image1\Image1.jpg,BAU Museum\Image1\Image_1_binaryMask.png,BAU Museum\Image1\Image_1_multiclassMask.png,3840,2160,3273645,155134,180753,47.8545,5,0;3;5;12;26
BAU Museum,BAU Museum/Image2,BAU Museum\Image2,BAU Museum\Image2\Image2.jpg,BAU Museum\Image2\Image_2_binaryMask.png,BAU Museum\Image2\Image_2_multiclassMask.png,3840,2160,2791289,123266,135977,32.0605,5,0;3;5;12;26
BAU Museum,BAU Museum/Image3,BAU Museum\Image3,BAU Museum\Image3\Image3.jpg,BAU Museum\Image3\Image_3_binaryMask.png,BAU Museum\Image3\Image_3_multiclassMask.png,3840,2160,3025241,159596,178358,48.3409,7,0;2;3;5;12;26;30
BAU Museum,BAU Museum/Image4,BAU Museum\Image4,BAU Museum\Image4\Image4.jpg,BAU Museum\Image4\Image_4_binaryMask.png,BAU Museum\Image4\Image_4_multiclassMask.png,3840,2160,3087263,167812,191709,55.3169,7,0;2;3;5;22;26;30
BAU Museum,BAU Museum/Image5,BAU Museum\Image5,BAU Museum\Image5\Image5.jpg,BAU Museum\Image5\Image_5_binaryMask.png,BAU Museum\Image5\Image_5_multiclassMask.png,3840,2160,5740435,74915,82307,12.5448,4,0;3;9;13
BAU Museum,BAU Museum/Image6,BAU Museum\Image6,BAU Museum\Image6\Image6.jpg,BAU Museum\Image6\Image_6_binaryMask.png,BAU Museum\Image6\Image_6_multiclassMask.png,3840,2160,2434035,135281,143562,47.2582,5,0;3;5;22;26
BAU Museum,BAU Museum/Image7,BAU Museum\Image7,BAU Museum\Image7\Image7.jpg,BAU Museum\Image7\Image_7_binaryMask.png,BAU Museum\Image7\Image_7_multiclassMask.png,3840,2160,2394877,142213,151095,48.5304,6,0;3;5;22;29;30
BAU Museum,BAU Museum/Image8,BAU Museum\Image8,BAU Museum\Image8\Image8.jpg,BAU Museum\Image8\Image_8_binaryMask.png,BAU Museum\Image8\Image_8_multiclassMask.png,3840,2160,2353167,131514,140802,45.9331,7,0;3;5;22;29;30;31
BAU Museum,BAU Museum/Image9,BAU Museum\Image9,BAU Museum\Image9\Image9.jpg,BAU Museum\Image9\Image_9_binaryMask.png,BAU Museum\Image9\Image_9_multiclassMask.png,3840,2160,2268307,118262,128925,37.7279,6,0;3;5;22;30;31
BAU Museum,BAU Museum/Image10,BAU Museum\Image10,BAU Museum\Image10\Image10.jpg,BAU Museum\Image10\Image_10_binaryMask.png,BAU Museum\Image10\Image_10_multiclassMask.png,3840,2160,2227078,118025,123188,34.6744,4,0;3;5;22
BAU Museum,BAU Museum/Image11,BAU Museum\Image11,BAU Museum\Image11\Image11.jpg,BAU Museum\Image11\Image_11_binaryMask.png,BAU Museum\Image11\Image_11_multiclassMask.png,3840,2160,2284611,113205,116936,34.005,3,0;3;5
BAU Museum,BAU Museum/Image12,BAU Museum\Image12,BAU Museum\Image12\Image12.jpg,BAU Museum\Image12\Image_12_binaryMask.png,BAU Museum\Image12\Image_12_multiclassMask.png,3840,2160,2363673,131848,140054,45.4263,3,0;3;5
BAU Museum,BAU Museum/Image13,BAU Museum\Image13,BAU Museum\Image13\Image13.jpg,BAU Museum\Image13\Image_13_binaryMask.png,BAU Museum\Image13\Image_13_multiclassMask.png,3840,2160,2754535,156802,166240,59.3534,4,0;3;5;29
BAU Museum,BAU Museum/Image14,BAU Museum\Image14,BAU Museum\Image14\Image14.jpg,BAU Museum\Image14\Image_14_binaryMask.png,BAU Museum\Image14\Image_14_multiclassMask.png,3840,2160,3041319,136387,147716,58.2337,6,0;3;5;9;22;29
BAU Museum,BAU Museum/Image15,BAU Museum\Image15,BAU Museum\Image15\Image15.jpg,BAU Museum\Image15\Image_15_binaryMask.png,BAU Museum\Image15\Image_15_multiclassMask.png,3840,2160,3397929,79673,84562,25.6009,7,0;3;5;13;22;29;30
BAU Museum,BAU Museum/Image16,BAU Museum\Image16,BAU Museum\Image16\Image16.jpg,BAU Museum\Image16\Image_16_binaryMask.png,BAU Museum\Image16\Image_16_multiclassMask.png,3840,2160,3394313,74759,80291,23.6663,8,0;3;5;12;13;22;29;30
BAU Museum,BAU Museum/Image17,BAU Museum\Image17,BAU Museum\Image17\Image17.jpg,BAU Museum\Image17\Image_17_binaryMask.png,BAU Museum\Image17\Image_17_multiclassMask.png,3840,2160,2986847,91940,101848,32.1549,7,0;3;5;12;13;29;30
BAU Museum,BAU Museum/Image18,BAU Museum\Image18,BAU Museum\Image18\Image18.jpg,BAU Museum\Image18\Image_18_binaryMask.png,BAU Museum\Image18\Image_18_multiclassMask.png,3840,2160,3125760,85940,95500,29.0734,5,0;3;5;12;22
BAU Museum,BAU Museum/Image19,BAU Museum\Image19,BAU Museum\Image19\Image19.jpg,BAU Museum\Image19\Image_19_binaryMask.png,BAU Museum\Image19\Image_19_multiclassMask.png,3840,2160,3176579,163754,183886,51.6466,7,0;3;5;9;13;26;29
BAU Museum,BAU Museum/Image20,BAU Museum\Image20,BAU Museum\Image20\Image20.jpg,BAU Museum\Image20\Image_20_binaryMask.png,BAU Museum\Image20\Image_20_multiclassMask.png,3840,2160,3151164,113520,125867,32.6549,7,0;2;3;5;22;30;31
BAU Museum,BAU Museum/Image21,BAU Museum\Image21,BAU Museum\Image21\Image21.jpg,BAU Museum\Image21\Image_21_binaryMask.png,BAU Museum\Image21\Image_21_multiclassMask.png,3840,2160,3411203,128749,142127,39.0777,7,0;3;5;22;29;30;31
BAU Museum,BAU Museum/Image22,BAU Museum\Image22,BAU Museum\Image22\Image22.jpg,BAU Museum\Image22\Image_22_binaryMask.png,BAU Museum\Image22\Image_22_multiclassMask.png,3840,2160,4215682,135825,148414,40.0977,6,0;3;5;22;29;30
BAU Museum,BAU Museum/Image23,BAU Museum\Image23,BAU Museum\Image23\Image23.jpg,BAU Museum\Image23\Image_23_binaryMask.png,BAU Museum\Image23\Image_23_multiclassMask.png,3840,2160,3118840,163182,186414,54.739,6,0;3;5;9;12;26
Shapla Bil 1,Shapla Bil 1/Image1,Shapla Bil 1\Image1,Shapla Bil 1\Image1\Image1.jpg,Shapla Bil 1\Image1\Image_1_binaryMask.png,Shapla Bil 1\Image1\Image_1_multiclassMask.png,3840,2160,1407998,44512,46501,9.9918,3,0;5;7
Shapla Bil 1,Shapla Bil 1/Image2,Shapla Bil 1\Image2,Shapla Bil 1\Image2\Image2.jpg,Shapla Bil 1\Image2\Image_2_binaryMask.png,Shapla Bil 1\Image2\Image_2_multiclassMask.png,3840,2160,1228040,35719,37071,6.9762,3,0;5;7
Shapla Bil 1,Shapla Bil 1/Image3,Shapla Bil 1\Image3,Shapla Bil 1\Image3\Image3.jpg,Shapla Bil 1\Image3\Image_3_binaryMask.png,Shapla Bil 1\Image3\Image_3_multiclassMask.png,3840,2160,1131778,28061,29517,4.1098,3,0;2;5
Shapla Bil 1,Shapla Bil 1/Image4,Shapla Bil 1\Image4,Shapla Bil 1\Image4\Image4.jpg,Shapla Bil 1\Image4\Image_4_binaryMask.png,Shapla Bil 1\Image4\Image_4_multiclassMask.png,3840,2160,1391451,36095,38425,6.4769,3,0;2;5
Shapla Bil 1,Shapla Bil 1/Image5,Shapla Bil 1\Image5,Shapla Bil 1\Image5\Image5.jpg,Shapla Bil 1\Image5\Image_5_binaryMask.png,Shapla Bil 1\Image5\Image_5_multiclassMask.png,3840,2160,1504254,39104,41659,7.4784,3,0;2;5
Shapla Bil 1,Shapla Bil 1/Image6,Shapla Bil 1\Image6,Shapla Bil 1\Image6\Image6.jpg,Shapla Bil 1\Image6\Image_6_binaryMask.png,Shapla Bil 1\Image6\Image_6_multiclassMask.png,3840,2160,2199421,72532,77393,14.0323,3,0;5;7
Shapla Bil 1,Shapla Bil 1/Image7,Shapla Bil 1\Image7,Shapla Bil 1\Image7\Image7.jpg,Shapla Bil 1\Image7\Image_7_binaryMask.png,Shapla Bil 1\Image7\Image_7_multiclassMask.png,3840,2160,2529942,56709,60374,29.1128,3,0;2;5
Shapla Bil 1,Shapla Bil 1/Image8,Shapla Bil 1\Image8,Shapla Bil 1\Image8\Image8.jpg,Shapla Bil 1\Image8\Image_8_binaryMask.png,Shapla Bil 1\Image8\Image_8_multiclassMask.png,3840,2160,1557670,50379,53011,19.6926,3,0;2;5
Shapla Bil 1,Shapla Bil 1/Image9,Shapla Bil 1\Image9,Shapla Bil 1\Image9\Image9.jpg,Shapla Bil 1\Image9\Image_9_binaryMask.png,Shapla Bil 1\Image9\Image_9_multiclassMask.png,3840,2160,2563861,72912,77045,39.0067,3,0;2;5
Shapla Bil 1,Shapla Bil 1/Image10,Shapla Bil 1\Image10,Shapla Bil 1\Image10\Image10.jpg,Shapla Bil 1\Image10\Image_10_binaryMask.png,Shapla Bil 1\Image10\Image_10_multiclassMask.png,3840,2160,1362075,45126,47102,8.9255,3,0;2;5
Shapla Bil 1,Shapla Bil 1/Image11,Shapla Bil 1\Image11,Shapla Bil 1\Image11\Image11.jpg,Shapla Bil 1\Image11\Image_11_binaryMask.png,Shapla Bil 1\Image11\Image_11_multiclassMask.png,3840,2160,979495,26977,27985,3.9708,3,0;2;5
Shapla Bil 1,Shapla Bil 1/Image12,Shapla Bil 1\Image12,Shapla Bil 1\Image12\Image12.jpg,Shapla Bil 1\Image12\Image_12_binaryMask.png,Shapla Bil 1\Image12\Image_12_multiclassMask.png,3840,2160,1053612,22695,23275,2.6835,2,0;5
Shapla Bil 1,Shapla Bil 1/Image13,Shapla Bil 1\Image13,Shapla Bil 1\Image13\Image13.jpg,Shapla Bil 1\Image13\Image_13_binaryMask.png,Shapla Bil 1\Image13\Image_13_multiclassMask.png,3840,2160,988612,28884,29639,4.4605,2,0;5
Shapla Bil 1,Shapla Bil 1/Image14,Shapla Bil 1\Image14,Shapla Bil 1\Image14\Image14.jpg,Shapla Bil 1\Image14\Image_14_binaryMask.png,Shapla Bil 1\Image14\Image_14_multiclassMask.png,3840,2160,1480031,39820,42382,6.9454,3,0;5;7
Shapla Bil 1,Shapla Bil 1/Image15,Shapla Bil 1\Image15,Shapla Bil 1\Image15\Image15.jpg,Shapla Bil 1\Image15\Image_15_binaryMask.png,Shapla Bil 1\Image15\Image_15_multiclassMask.png,3840,2160,974956,34353,35198,5.4236,2,0;5
Shapla Bil 1,Shapla Bil 1/Image16,Shapla Bil 1\Image16,Shapla Bil 1\Image16\Image16.jpg,Shapla Bil 1\Image16\Image_16_binaryMask.png,Shapla Bil 1\Image16\Image_16_multiclassMask.png,3840,2160,1253176,43750,44707,8.0769,2,0;5
Shapla Bil 1,Shapla Bil 1/Image17,Shapla Bil 1\Image17,Shapla Bil 1\Image17\Image17.jpg,Shapla Bil 1\Image17\Image_17_binaryMask.png,Shapla Bil 1\Image17\Image_17_multiclassMask.png,3840,2160,1155546,46993,48238,9.3726,3,0;2;5
Shapla Bil 1,Shapla Bil 1/Image18,Shapla Bil 1\Image18,Shapla Bil 1\Image18\Image18.jpg,Shapla Bil 1\Image18\Image_18_binaryMask.png,Shapla Bil 1\Image18\Image_18_multiclassMask.png,3840,2160,1239839,51301,52558,11.0463,3,0;5;7
Shapla Bil 1,Shapla Bil 1/Image19,Shapla Bil 1\Image19,Shapla Bil 1\Image19\Image19.jpg,Shapla Bil 1\Image19\Image_19_binaryMask.png,Shapla Bil 1\Image19\Image_19_multiclassMask.png,3840,2160,1291257,53395,55214,11.0305,3,0;5;7
Shapla Bil 1,Shapla Bil 1/Image20,Shapla Bil 1\Image20,Shapla Bil 1\Image20\Image20.jpg,Shapla Bil 1\Image20\Image_20_binaryMask.png,Shapla Bil 1\Image20\Image_20_multiclassMask.png,3840,2160,2522594,73364,77912,14.6264,3,0;5;7
Shapla Bil 1,Shapla Bil 1/Image21,Shapla Bil 1\Image21,Shapla Bil 1\Image21\Image21.jpg,Shapla Bil 1\Image21\Image_21_binaryMask.png,Shapla Bil 1\Image21\Image_21_multiclassMask.png,3840,2160,3489988,70523,75290,17.2355,3,0;5;7
Shapla Bil 1,Shapla Bil 1/Image22,Shapla Bil 1\Image22,Shapla Bil 1\Image22\Image22.jpg,Shapla Bil 1\Image22\Image_22_binaryMask.png,Shapla Bil 1\Image22\Image_22_multiclassMask.png,3840,2160,3752504,71949,77221,14.1527,3,0;5;7
Shapla Bil 1,Shapla Bil 1/Image23,Shapla Bil 1\Image23,Shapla Bil 1\Image23\Image23.jpg,Shapla Bil 1\Image23\Image_23_binaryMask.png,Shapla Bil 1\Image23\Image_23_multiclassMask.png,3840,2160,1652460,53652,56915,13.8159,3,0;5;7
Shapla Bil 1,Shapla Bil 1/Image24,Shapla Bil 1\Image24,Shapla Bil 1\Image24\Image24.jpg,Shapla Bil 1\Image24\Image_24_binaryMask.png,Shapla Bil 1\Image24\Image_24_multiclassMask.png,3840,2160,2838046,74684,79628,17.2213,3,0;2;5
Shapla Bil 1,Shapla Bil 1/Image25,Shapla Bil 1\Image25,Shapla Bil 1\Image25\Image25.jpg,Shapla Bil 1\Image25\Image_25_binaryMask.png,Shapla Bil 1\Image25\Image_25_multiclassMask.png,3840,2160,2442349,83138,89613,22.5421,3,0;2;5
Shapla Bil 1,Shapla Bil 1/Image26,Shapla Bil 1\Image26,Shapla Bil 1\Image26\Image26.jpg,Shapla Bil 1\Image26\Image_26_binaryMask.png,Shapla Bil 1\Image26\Image_26_multiclassMask.png,3840,2160,1962284,70516,75067,16.1098,3,0;5;7
Shapla Bil 1,Shapla Bil 1/Image27,Shapla Bil 1\Image27,Shapla Bil 1\Image27\Image27.jpg,Shapla Bil 1\Image27\Image_27_binaryMask.png,Shapla Bil 1\Image27\Image_27_multiclassMask.png,3840,2160,1439893,56380,59605,11.4313,3,0;5;7
Shapla Bil 1,Shapla Bil 1/Image28,Shapla Bil 1\Image28,Shapla Bil 1\Image28\Image28.jpg,Shapla Bil 1\Image28\Image_28_binaryMask.png,Shapla Bil 1\Image28\Image_28_multiclassMask.png,3840,2160,1170554,48632,49676,10.2056,2,0;5
Shapla Bil 1,Shapla Bil 1/Image29,Shapla Bil 1\Image29,Shapla Bil 1\Image29\Image29.jpg,Shapla Bil 1\Image29\Image_29_binaryMask.png,Shapla Bil 1\Image29\Image_29_multiclassMask.png,3840,2160,1189599,45573,46573,9.4951,2,0;5
Shapla Bil 1,Shapla Bil 1/Image30,Shapla Bil 1\Image30,Shapla Bil 1\Image30\Image30.jpg,Shapla Bil 1\Image30\Image_30_binaryMask.png,Shapla Bil 1\Image30\Image_30_multiclassMask.png,3840,2160,1205454,39072,39996,7.1989,2,0;5
Shapla Bil 1,Shapla Bil 1/Image31,Shapla Bil 1\Image31,Shapla Bil 1\Image31\Image31.jpg,Shapla Bil 1\Image31\Image_31_binaryMask.png,Shapla Bil 1\Image31\Image_31_multiclassMask.png,3840,2160,1016242,32484,33321,4.9729,2,0;5
Shapla Bil 1,Shapla Bil 1/Image32,Shapla Bil 1\Image32,Shapla Bil 1\Image32\Image32.jpg,Shapla Bil 1\Image32\Image_32_binaryMask.png,Shapla Bil 1\Image32\Image_32_multiclassMask.png,3840,2160,1028251,29690,30432,4.1449,2,0;5
Shapla Bil 1,Shapla Bil 1/Image33,Shapla Bil 1\Image33,Shapla Bil 1\Image33\Image33.jpg,Shapla Bil 1\Image33\Image_33_binaryMask.png,Shapla Bil 1\Image33\Image_33_multiclassMask.png,3840,2160,1008220,24909,25526,3.3032,2,0;5
Shapla Bil 1,Shapla Bil 1/Image34,Shapla Bil 1\Image34,Shapla Bil 1\Image34\Image34.jpg,Shapla Bil 1\Image34\Image_34_binaryMask.png,Shapla Bil 1\Image34\Image_34_multiclassMask.png,3840,2160,1580834,65399,68749,19.8083,3,0;5;7
Shapla Bil 1,Shapla Bil 1/Image35,Shapla Bil 1\Image35,Shapla Bil 1\Image35\Image35.jpg,Shapla Bil 1\Image35\Image_35_binaryMask.png,Shapla Bil 1\Image35\Image_35_multiclassMask.png,3840,2160,1494398,29127,29891,4.5154,2,0;5
Shapla Bil 2,Shapla Bil 2/Image1,Shapla Bil 2\Image1,Shapla Bil 2\Image1\Image1.jpg,Shapla Bil 2\Image1\Image_1_binaryMask.png,Shapla Bil 2\Image1\Image_1_multiclassMask.png,3840,2160,2898679,61037,63111,10.9165,3,0;5;7
Shapla Bil 2,Shapla Bil 2/Image2,Shapla Bil 2\Image2,Shapla Bil 2\Image2\Image2.jpg,Shapla Bil 2\Image2\Image_2_binaryMask.png,Shapla Bil 2\Image2\Image_2_multiclassMask.png,3840,2160,4824353,60567,65279,9.1135,4,0;2;5;7
Shapla Bil 2,Shapla Bil 2/Image3,Shapla Bil 2\Image3,Shapla Bil 2\Image3\Image3.jpg,Shapla Bil 2\Image3\Image_3_binaryMask.png,Shapla Bil 2\Image3\Image_3_multiclassMask.png,3840,2160,2597585,21730,22579,1.2631,3,0;5;7
Shapla Bil 2,Shapla Bil 2/Image4,Shapla Bil 2\Image4,Shapla Bil 2\Image4\Image4.jpg,Shapla Bil 2\Image4\Image_4_binaryMask.png,Shapla Bil 2\Image4\Image_4_multiclassMask.png,3840,2160,1778927,18342,18990,1.0857,3,0;5;7
Shapla Bil 2,Shapla Bil 2/Image5,Shapla Bil 2\Image5,Shapla Bil 2\Image5\Image5.jpg,Shapla Bil 2\Image5\Image_5_binaryMask.png,Shapla Bil 2\Image5\Image_5_multiclassMask.png,3840,2160,2504510,90603,98480,13.6405,4,0;3;5;7
Shapla Bil 2,Shapla Bil 2/Image6,Shapla Bil 2\Image6,Shapla Bil 2\Image6\Image6.jpg,Shapla Bil 2\Image6\Image_6_binaryMask.png,Shapla Bil 2\Image6\Image_6_multiclassMask.png,3840,2160,2056926,69312,74841,9.9737,5,0;3;5;7;29
Shapla Bil 2,Shapla Bil 2/Image7,Shapla Bil 2\Image7,Shapla Bil 2\Image7\Image7.jpg,Shapla Bil 2\Image7\Image_7_binaryMask.png,Shapla Bil 2\Image7\Image_7_multiclassMask.png,3840,2160,1309583,39654,41635,6.7209,3,0;5;7
Shapla Bil 2,Shapla Bil 2/Image8,Shapla Bil 2\Image8,Shapla Bil 2\Image8\Image8.jpg,Shapla Bil 2\Image8\Image_8_binaryMask.png,Shapla Bil 2\Image8\Image_8_multiclassMask.png,3840,2160,1441083,25489,26531,2.7445,3,0;5;7
Shapla Bil 2,Shapla Bil 2/Image9,Shapla Bil 2\Image9,Shapla Bil 2\Image9\Image9.jpg,Shapla Bil 2\Image9\Image_9_binaryMask.png,Shapla Bil 2\Image9\Image_9_multiclassMask.png,3840,2160,2417016,39824,42230,4.9129,3,0;5;7
Shapla Bil 2,Shapla Bil 2/Image10,Shapla Bil 2\Image10,Shapla Bil 2\Image10\Image10.jpg,Shapla Bil 2\Image10\Image_10_binaryMask.png,Shapla Bil 2\Image10\Image_10_multiclassMask.png,3840,2160,2133347,64672,66024,12.5795,3,0;5;7
Shapla Bil 2,Shapla Bil 2/Image11,Shapla Bil 2\Image11,Shapla Bil 2\Image11\Image11.jpg,Shapla Bil 2\Image11\Image_11_binaryMask.png,Shapla Bil 2\Image11\Image_11_multiclassMask.png,3840,2160,2859324,43290,46012,5.2017,3,0;5;7
Shapla Bil 2,Shapla Bil 2/Image12,Shapla Bil 2\Image12,Shapla Bil 2\Image12\Image12.jpg,Shapla Bil 2\Image12\Image_12_binaryMask.png,Shapla Bil 2\Image12\Image_12_multiclassMask.png,3840,2160,2299614,60768,61891,10.5128,2,0;5
Shapla Bil 2,Shapla Bil 2/Image13,Shapla Bil 2\Image13,Shapla Bil 2\Image13\Image13.jpg,Shapla Bil 2\Image13\Image_13_binaryMask.png,Shapla Bil 2\Image13\Image_13_multiclassMask.png,3840,2160,1878548,51838,55001,7.5743,4,0;3;7;29
Shapla Bil 2,Shapla Bil 2/Image14,Shapla Bil 2\Image14,Shapla Bil 2\Image14\Image14.jpg,Shapla Bil 2\Image14\Image_14_binaryMask.png,Shapla Bil 2\Image14\Image_14_multiclassMask.png,3840,2160,1728053,46219,48561,6.1308,4,0;3;7;29
Shapla Bil 2,Shapla Bil 2/Image15,Shapla Bil 2\Image15,Shapla Bil 2\Image15\Image15.jpg,Shapla Bil 2\Image15\Image_15_binaryMask.png,Shapla Bil 2\Image15\Image_15_multiclassMask.png,3840,2160,3088823,86128,92660,14.2217,5,0;2;3;5;7
Shapla Bil 3,Shapla Bil 3/Image1,Shapla Bil 3\Image1,Shapla Bil 3\Image1\Image1.jpg,Shapla Bil 3\Image1\Image_1_binaryMask.png,Shapla Bil 3\Image1\Image_1_multiclassMask.png,3840,2160,1877531,57016,61909,18.1405,4,0;3;5;7
Shapla Bil 3,Shapla Bil 3/Image2,Shapla Bil 3\Image2,Shapla Bil 3\Image2\Image2.jpg,Shapla Bil 3\Image2\Image_2_binaryMask.png,Shapla Bil 3\Image2\Image_2_multiclassMask.png,3840,2160,1983243,53550,58542,15.5089,4,0;3;5;7
Shapla Bil 3,Shapla Bil 3/Image3,Shapla Bil 3\Image3,Shapla Bil 3\Image3\Image3.jpg,Shapla Bil 3\Image3\Image_3_binaryMask.png,Shapla Bil 3\Image3\Image_3_multiclassMask.png,3840,2160,2127655,13560,43481,99.7355,4,0;3;5;7
Shapla Bil 3,Shapla Bil 3/Image4,Shapla Bil 3\Image4,Shapla Bil 3\Image4\Image4.jpg,Shapla Bil 3\Image4\Image_4_binaryMask.png,Shapla Bil 3\Image4\Image_4_multiclassMask.png,3840,2160,1927937,54280,59105,15.042,4,0;3;5;7
Shapla Bil 3,Shapla Bil 3/Image5,Shapla Bil 3\Image5,Shapla Bil 3\Image5\Image5.jpg,Shapla Bil 3\Image5\Image_5_binaryMask.png,Shapla Bil 3\Image5\Image_5_multiclassMask.png,3840,2160,1650689,44302,47079,11.3721,3,0;5;7
Shapla Bil 3,Shapla Bil 3/Image6,Shapla Bil 3\Image6,Shapla Bil 3\Image6\Image6.jpg,Shapla Bil 3\Image6\Image_6_binaryMask.png,Shapla Bil 3\Image6\Image_6_multiclassMask.png,3840,2160,2257412,61988,68907,14.555,5,0;3;5;7;22
Shapla Bil 3,Shapla Bil 3/Image7,Shapla Bil 3\Image7,Shapla Bil 3\Image7\Image7.jpg,Shapla Bil 3\Image7\Image_7_binaryMask.png,Shapla Bil 3\Image7\Image_7_multiclassMask.png,3840,2160,1942944,57679,64128,14.2424,5,0;3;5;7;22
Shapla Bil 3,Shapla Bil 3/Image8,Shapla Bil 3\Image8,Shapla Bil 3\Image8\Image8.jpg,Shapla Bil 3\Image8\Image_8_binaryMask.png,Shapla Bil 3\Image8\Image_8_multiclassMask.png,3840,2160,2003482,58277,64919,14.7916,5,0;3;5;7;22
Shapla Bil 3,Shapla Bil 3/Image9,Shapla Bil 3\Image9,Shapla Bil 3\Image9\Image9.jpg,Shapla Bil 3\Image9\Image_9_binaryMask.png,Shapla Bil 3\Image9\Image_9_multiclassMask.png,3840,2160,1993193,52850,58080,13.0866,5,0;3;5;7;22
Shapla Bil 3,Shapla Bil 3/Image10,Shapla Bil 3\Image10,Shapla Bil 3\Image10\Image10.jpg,Shapla Bil 3\Image10\Image_10_binaryMask.png,Shapla Bil 3\Image10\Image_10_multiclassMask.png,3840,2160,1784588,39219,42522,6.3913,4,0;3;5;7
Shapla Bil 3,Shapla Bil 3/Image11,Shapla Bil 3\Image11,Shapla Bil 3\Image11\Image11.jpg,Shapla Bil 3\Image11\Image_11_binaryMask.png,Shapla Bil 3\Image11\Image_11_multiclassMask.png,3840,2160,2260760,54965,58463,10.6493,4,0;3;7;29
Shapla Bil 3,Shapla Bil 3/Image12,Shapla Bil 3\Image12,Shapla Bil 3\Image12\Image12.jpg,Shapla Bil 3\Image12\Image_12_binaryMask.png,Shapla Bil 3\Image12\Image_12_multiclassMask.png,3840,2160,1933780,71348,77289,17.3837,5,0;3;5;7;22
Shapla Bil 3,Shapla Bil 3/Image13,Shapla Bil 3\Image13,Shapla Bil 3\Image13\Image13.jpg,Shapla Bil 3\Image13\Image_13_binaryMask.png,Shapla Bil 3\Image13\Image_13_multiclassMask.png,3840,2160,2453665,69309,74555,17.0821,5,0;3;5;7;22
Shapla Bil 3,Shapla Bil 3/Image14,Shapla Bil 3\Image14,Shapla Bil 3\Image14\Image14.jpg,Shapla Bil 3\Image14\Image_14_binaryMask.png,Shapla Bil 3\Image14\Image_14_multiclassMask.png,3840,2160,2036317,59285,64282,13.6018,4,0;3;7;29
Shapla Bil 3,Shapla Bil 3/Image15,Shapla Bil 3\Image15,Shapla Bil 3\Image15\Image15.jpg,Shapla Bil 3\Image15\Image_15_binaryMask.png,Shapla Bil 3\Image15\Image_15_multiclassMask.png,3840,2160,2364726,58435,64011,13.2067,5,0;3;5;7;22
Shapla Bil 3,Shapla Bil 3/Image16,Shapla Bil 3\Image16,Shapla Bil 3\Image16\Image16.jpg,Shapla Bil 3\Image16\Image_16_binaryMask.png,Shapla Bil 3\Image16\Image_16_multiclassMask.png,3840,2160,2118102,68047,73513,17.3334,5,0;3;5;7;22
Shapla Bil 3,Shapla Bil 3/Image17,Shapla Bil 3\Image17,Shapla Bil 3\Image17\Image17.jpg,Shapla Bil 3\Image17\Image_17_binaryMask.png,Shapla Bil 3\Image17\Image_17_multiclassMask.png,3840,2160,2034659,60972,67007,13.6992,4,0;3;5;7
Shapla Bil 3,Shapla Bil 3/Image18,Shapla Bil 3\Image18,Shapla Bil 3\Image18\Image18.jpg,Shapla Bil 3\Image18\Image_18_binaryMask.png,Shapla Bil 3\Image18\Image_18_multiclassMask.png,3840,2160,1871416,28535,29998,3.7049,5,0;3;5;7;29
Shapla Bil 3,Shapla Bil 3/Image19,Shapla Bil 3\Image19,Shapla Bil 3\Image19\Image19.jpg,Shapla Bil 3\Image19\Image_19_binaryMask.png,Shapla Bil 3\Image19\Image_19_multiclassMask.png,3840,2160,1351565,22984,23571,3.4619,2,0;5
Shapla Bil 3,Shapla Bil 3/Image20,Shapla Bil 3\Image20,Shapla Bil 3\Image20\Image20.jpg,Shapla Bil 3\Image20\Image_20_binaryMask.png,Shapla Bil 3\Image20\Image_20_multiclassMask.png,3840,2160,1244598,22753,23796,3.218,3,0;3;5
Shapla Bil 3,Shapla Bil 3/Image21,Shapla Bil 3\Image21,Shapla Bil 3\Image21\Image21.jpg,Shapla Bil 3\Image21\Image_21_binaryMask.png,Shapla Bil 3\Image21\Image_21_multiclassMask.png,3840,2160,989030,17240,17612,1.7093,2,0;5
Shapla Bil 3,Shapla Bil 3/Image22,Shapla Bil 3\Image22,Shapla Bil 3\Image22\Image22.jpg,Shapla Bil 3\Image22\Image_22_binaryMask.png,Shapla Bil 3\Image22\Image_22_multiclassMask.png,3840,2160,2045528,63720,71211,15.695,4,0;3;5;7
Shapla Bil 3,Shapla Bil 3/Image23,Shapla Bil 3\Image23,Shapla Bil 3\Image23\Image23.jpg,Shapla Bil 3\Image23\Image_23_binaryMask.png,Shapla Bil 3\Image23\Image_23_multiclassMask.png,3840,2160,3344076,78897,83381,19.7704,3,0;5;7
Shapla Bil 3,Shapla Bil 3/Image24,Shapla Bil 3\Image24,Shapla Bil 3\Image24\Image24.jpg,Shapla Bil 3\Image24\Image_24_binaryMask.png,Shapla Bil 3\Image24\Image_24_multiclassMask.png,3840,2160,2097506,71458,79063,19.2935,4,0;3;5;7
Shapla Bil 3,Shapla Bil 3/Image25,Shapla Bil 3\Image25,Shapla Bil 3\Image25\Image25.jpg,Shapla Bil 3\Image25\Image_25_binaryMask.png,Shapla Bil 3\Image25\Image_25_multiclassMask.png,3840,2160,2142074,55770,60038,14.0377,3,0;3;5
Shapla Bil 3,Shapla Bil 3/Image26,Shapla Bil 3\Image26,Shapla Bil 3\Image26\Image26.jpg,Shapla Bil 3\Image26\Image_26_binaryMask.png,Shapla Bil 3\Image26\Image_26_multiclassMask.png,3840,2160,1841470,58608,63744,15.3032,4,0;3;5;7
Shapla Bil 4,Shapla Bil 4/Image1,Shapla Bil 4\Image1,Shapla Bil 4\Image1\Image1.jpg,Shapla Bil 4\Image1\Image_1_binaryMask.png,Shapla Bil 4\Image1\Image_1_multiclassMask.png,3840,2160,2067545,40853,43817,7.0841,4,0;3;5;7
Shapla Bil 4,Shapla Bil 4/Image2,Shapla Bil 4\Image2,Shapla Bil 4\Image2\Image2.jpg,Shapla Bil 4\Image2\Image_2_binaryMask.png,Shapla Bil 4\Image2\Image_2_multiclassMask.png,3840,2160,1826064,36001,38739,6.1142,4,0;3;5;7
Shapla Bil 4,Shapla Bil 4/Image3,Shapla Bil 4\Image3,Shapla Bil 4\Image3\Image3.jpg,Shapla Bil 4\Image3\Image_3_binaryMask.png,Shapla Bil 4\Image3\Image_3_multiclassMask.png,3840,2160,1753130,49014,52600,9.2233,5,0;3;5;7;29
Shapla Bil 4,Shapla Bil 4/Image4,Shapla Bil 4\Image4,Shapla Bil 4\Image4\Image4.jpg,Shapla Bil 4\Image4\Image_4_binaryMask.png,Shapla Bil 4\Image4\Image_4_multiclassMask.png,3840,2160,1815516,44637,47582,9.086,5,0;3;5;7;29
Shapla Bil 4,Shapla Bil 4/Image5,Shapla Bil 4\Image5,Shapla Bil 4\Image5\Image5.jpg,Shapla Bil 4\Image5\Image_5_binaryMask.png,Shapla Bil 4\Image5\Image_5_multiclassMask.png,3840,2160,1779802,59329,63301,17.6753,5,0;3;5;7;29
Shapla Bil 4,Shapla Bil 4/Image6,Shapla Bil 4\Image6,Shapla Bil 4\Image6\Image6.jpg,Shapla Bil 4\Image6\Image_6_binaryMask.png,Shapla Bil 4\Image6\Image_6_multiclassMask.png,3840,2160,1796970,66178,71850,25.2946,5,0;3;5;7;29
Shapla Bil 4,Shapla Bil 4/Image7,Shapla Bil 4\Image7,Shapla Bil 4\Image7\Image7.jpg,Shapla Bil 4\Image7\Image_7_binaryMask.png,Shapla Bil 4\Image7\Image_7_multiclassMask.png,3840,2160,1915704,66985,72539,15.7959,4,0;3;7;29
Shapla Bil 4,Shapla Bil 4/Image8,Shapla Bil 4\Image8,Shapla Bil 4\Image8\Image8.jpg,Shapla Bil 4\Image8\Image_8_binaryMask.png,Shapla Bil 4\Image8\Image_8_multiclassMask.png,3840,2160,1947974,58903,63391,12.9345,4,0;3;7;29
Shapla Bil 4,Shapla Bil 4/Image9,Shapla Bil 4\Image9,Shapla Bil 4\Image9\Image9.jpg,Shapla Bil 4\Image9\Image_9_binaryMask.png,Shapla Bil 4\Image9\Image_9_multiclassMask.png,3840,2160,2673859,52222,55512,9.3555,4,0;3;5;7
Shapla Bil 4,Shapla Bil 4/Image10,Shapla Bil 4\Image10,Shapla Bil 4\Image10\Image10.jpg,Shapla Bil 4\Image10\Image_10_binaryMask.png,Shapla Bil 4\Image10\Image_10_multiclassMask.png,3840,2160,1895834,44380,47256,6.9135,3,0;3;7
Shapla Bil 4,Shapla Bil 4/Image11,Shapla Bil 4\Image11,Shapla Bil 4\Image11\Image11.jpg,Shapla Bil 4\Image11\Image_11_binaryMask.png,Shapla Bil 4\Image11\Image_11_multiclassMask.png,3840,2160,1891929,51156,55150,7.8614,5,0;3;5;7;29
Shapla Bil 4,Shapla Bil 4/Image12,Shapla Bil 4\Image12,Shapla Bil 4\Image12\Image12.jpg,Shapla Bil 4\Image12\Image_12_binaryMask.png,Shapla Bil 4\Image12\Image_12_multiclassMask.png,3840,2160,1872863,43145,45975,5.4189,3,0;3;7
Shapla Bil 4,Shapla Bil 4/Image13,Shapla Bil 4\Image13,Shapla Bil 4\Image13\Image13.jpg,Shapla Bil 4\Image13\Image_13_binaryMask.png,Shapla Bil 4\Image13\Image_13_multiclassMask.png,3840,2160,2336021,54410,59646,8.0599,5,0;3;5;7;29
Shapla Bil 4,Shapla Bil 4/Image14,Shapla Bil 4\Image14,Shapla Bil 4\Image14\Image14.jpg,Shapla Bil 4\Image14\Image_14_binaryMask.png,Shapla Bil 4\Image14\Image_14_multiclassMask.png,3840,2160,1884210,46126,49727,5.641,4,0;3;5;7
Shapla Bil 4,Shapla Bil 4/Image15,Shapla Bil 4\Image15,Shapla Bil 4\Image15\Image15.jpg,Shapla Bil 4\Image15\Image_15_binaryMask.png,Shapla Bil 4\Image15\Image_15_multiclassMask.png,3840,2160,1885546,64750,70702,15.1819,5,0;3;5;7;22
Shapla Bil 4,Shapla Bil 4/Image16,Shapla Bil 4\Image16,Shapla Bil 4\Image16\Image16.jpg,Shapla Bil 4\Image16\Image_16_binaryMask.png,Shapla Bil 4\Image16\Image_16_multiclassMask.png,3840,2160,1806647,70473,77538,25.2629,5,0;3;5;7;29
Shapla Bil 4,Shapla Bil 4/Image17,Shapla Bil 4\Image17,Shapla Bil 4\Image17\Image17.jpg,Shapla Bil 4\Image17\Image_17_binaryMask.png,Shapla Bil 4\Image17\Image_17_multiclassMask.png,3840,2160,1513600,65210,72785,16.3093,5,0;3;5;7;29
Shapla Bil 4,Shapla Bil 4/Image18,Shapla Bil 4\Image18,Shapla Bil 4\Image18\Image18.jpg,Shapla Bil 4\Image18\Image_18_binaryMask.png,Shapla Bil 4\Image18\Image_18_multiclassMask.png,3840,2160,2248874,40179,42599,4.6453,3,0;3;7
Shapla Bil 4,Shapla Bil 4/Image19,Shapla Bil 4\Image19,Shapla Bil 4\Image19\Image19.jpg,Shapla Bil 4\Image19\Image_19_binaryMask.png,Shapla Bil 4\Image19\Image_19_multiclassMask.png,3840,2160,1998910,53940,58330,6.9422,4,0;3;5;7
Shapla Bil 4,Shapla Bil 4/Image20,Shapla Bil 4\Image20,Shapla Bil 4\Image20\Image20.jpg,Shapla Bil 4\Image20\Image_20_binaryMask.png,Shapla Bil 4\Image20\Image_20_multiclassMask.png,3840,2160,2592797,82728,92919,20.0202,5,0;3;5;7;29
Shapla Bil 4,Shapla Bil 4/Image21,Shapla Bil 4\Image21,Shapla Bil 4\Image21\Image21.jpg,Shapla Bil 4\Image21\Image_21_binaryMask.png,Shapla Bil 4\Image21\Image_21_multiclassMask.png,3840,2160,2562869,85920,97323,24.8536,5,0;3;5;7;29
Shapla Bil 4,Shapla Bil 4/Image22,Shapla Bil 4\Image22,Shapla Bil 4\Image22\Image22.jpg,Shapla Bil 4\Image22\Image_22_binaryMask.png,Shapla Bil 4\Image22\Image_22_multiclassMask.png,3840,2160,2528934,89737,98397,20.9083,5,0;3;5;7;29
Shapla Bil 4,Shapla Bil 4/Image23,Shapla Bil 4\Image23,Shapla Bil 4\Image23\Image23.jpg,Shapla Bil 4\Image23\Image_23_binaryMask.png,Shapla Bil 4\Image23\Image_23_multiclassMask.png,3840,2160,2170882,97279,106415,23.1194,5,0;3;5;7;29
Shapla Bil 4,Shapla Bil 4/Image24,Shapla Bil 4\Image24,Shapla Bil 4\Image24\Image24.jpg,Shapla Bil 4\Image24\Image_24_binaryMask.png,Shapla Bil 4\Image24\Image_24_multiclassMask.png,3840,2160,2022572,77464,84219,20.7135,5,0;3;5;7;29
Shapla Bil 4,Shapla Bil 4/Image25,Shapla Bil 4\Image25,Shapla Bil 4\Image25\Image25.jpg,Shapla Bil 4\Image25\Image_25_binaryMask.png,Shapla Bil 4\Image25\Image_25_multiclassMask.png,3840,2160,2162792,54787,59045,9.3123,4,0;3;5;7
Zinda Park 1,Zinda Park 1/Image1,Zinda Park 1\Image1,Zinda Park 1\Image1\Image1.jpg,Zinda Park 1\Image1\Image_1_binaryMask.png,Zinda Park 1\Image1\Image_1_multiclassMask.png,3840,2160,4474576,35162,57035,95.9297,3,0;7;27
Zinda Park 1,Zinda Park 1/Image2,Zinda Park 1\Image2,Zinda Park 1\Image2\Image2.jpg,Zinda Park 1\Image2\Image_2_binaryMask.png,Zinda Park 1\Image2\Image_2_multiclassMask.png,3840,2160,4100412,34509,99178,96.4318,3,0;7;27
Zinda Park 1,Zinda Park 1/Image3,Zinda Park 1\Image3,Zinda Park 1\Image3\Image3.jpg,Zinda Park 1\Image3\Image_3_binaryMask.png,Zinda Park 1\Image3\Image_3_multiclassMask.png,3840,2160,3313984,23969,24718,81.8859,2,0;7
Zinda Park 1,Zinda Park 1/Image4,Zinda Park 1\Image4,Zinda Park 1\Image4\Image4.jpg,Zinda Park 1\Image4\Image_4_binaryMask.png,Zinda Park 1\Image4\Image_4_multiclassMask.png,3840,2160,3844325,28023,28861,76.7988,2,0;7
Zinda Park 1,Zinda Park 1/Image5,Zinda Park 1\Image5,Zinda Park 1\Image5\Image5.jpg,Zinda Park 1\Image5\Image_5_binaryMask.png,Zinda Park 1\Image5\Image_5_multiclassMask.png,3840,2160,4803903,34358,35246,94.4268,2,0;7
Zinda Park 1,Zinda Park 1/Image6,Zinda Park 1\Image6,Zinda Park 1\Image6\Image6.jpg,Zinda Park 1\Image6\Image_6_binaryMask.png,Zinda Park 1\Image6\Image_6_multiclassMask.png,3840,2160,4478529,32777,45606,96.0201,3,0;7;27
Zinda Park 2,Zinda Park 2/Image1,Zinda Park 2\Image1,Zinda Park 2\Image1\Image1.jpg,Zinda Park 2\Image1\Image_1_binaryMask.png,Zinda Park 2\Image1\Image_1_multiclassMask.png,3840,2160,2084653,100321,101962,12.1024,3,0;3;7
Zinda Park 2,Zinda Park 2/Image2,Zinda Park 2\Image2,Zinda Park 2\Image2\Image2.jpg,Zinda Park 2\Image2\Image_2_binaryMask.png,Zinda Park 2\Image2\Image_2_multiclassMask.png,3840,2160,2994531,176122,177883,69.4245,2,0;7
Zinda Park 2,Zinda Park 2/Image3,Zinda Park 2\Image3,Zinda Park 2\Image3\Image3.jpg,Zinda Park 2\Image3\Image_3_binaryMask.png,Zinda Park 2\Image3\Image_3_multiclassMask.png,3840,2160,4225785,111305,114702,71.9807,4,0;7;27;29
Zinda Park 2,Zinda Park 2/Image4,Zinda Park 2\Image4,Zinda Park 2\Image4\Image4.jpg,Zinda Park 2\Image4\Image_4_binaryMask.png,Zinda Park 2\Image4\Image_4_multiclassMask.png,3840,2160,3906408,56758,59168,85.0965,4,0;3;7;29
Zinda Park 2,Zinda Park 2/Image5,Zinda Park 2\Image5,Zinda Park 2\Image5\Image5.jpg,Zinda Park 2\Image5\Image_5_binaryMask.png,Zinda Park 2\Image5\Image_5_multiclassMask.png,3840,2160,1692210,91483,92694,21.5083,2,0;7
Zinda Park 2,Zinda Park 2/Image6,Zinda Park 2\Image6,Zinda Park 2\Image6\Image6.jpg,Zinda Park 2\Image6\Image_6_binaryMask.png,Zinda Park 2\Image6\Image_6_multiclassMask.png,3840,2160,2048981,141538,143322,43.044,3,0;7;29
Zinda Park 3,Zinda Park 3/Image1,Zinda Park 3\Image1,Zinda Park 3\Image1\Image1.jpg,Zinda Park 3\Image1\Image_1_binaryMask.png,Zinda Park 3\Image1\Image_1_multiclassMask.png,3840,2160,1611042,37083,37982,1.7269,2,0;7
Zinda Park 3,Zinda Park 3/Image2,Zinda Park 3\Image2,Zinda Park 3\Image2\Image2.jpg,Zinda Park 3\Image2\Image_2_binaryMask.png,Zinda Park 3\Image2\Image_2_multiclassMask.png,3840,2160,1323400,26760,27451,2.0187,2,0;7
Zinda Park 3,Zinda Park 3/Image3,Zinda Park 3\Image3,Zinda Park 3\Image3\Image3.jpg,Zinda Park 3\Image3\Image_3_binaryMask.png,Zinda Park 3\Image3\Image_3_multiclassMask.png,3840,2160,1644338,33287,34008,1.6787,2,0;7
Zinda Park 3,Zinda Park 3/Image4,Zinda Park 3\Image4,Zinda Park 3\Image4\Image4.jpg,Zinda Park 3\Image4\Image_4_binaryMask.png,Zinda Park 3\Image4\Image_4_multiclassMask.png,3840,2160,2098542,109876,111290,20.9173,2,0;7
Zinda Park 3,Zinda Park 3/Image5,Zinda Park 3\Image5,Zinda Park 3\Image5\Image5.jpg,Zinda Park 3\Image5\Image_5_binaryMask.png,Zinda Park 3\Image5\Image_5_multiclassMask.png,3840,2160,1808620,49644,50578,6.3582,2,0;7
